<?xml version="1.0" encoding="UTF-8"?>
<!DOCTYPE MudletPackage>
<MudletPackage version="1.0">
    <TriggerPackage/>
    <TimerPackage/>
    <AliasPackage/>
    <ActionPackage/>
    <ScriptPackage>
        <ScriptGroup isActive="yes" isFolder="yes">
            <name>Sys</name>
            <packageName></packageName>
            <script>-------------------------------------------------
--         Put your Lua functions here.        --
--                                             --
-- Note that you can also use external Scripts --
-------------------------------------------------
</script>
            <eventHandlerList/>
            <Script isActive="yes" isFolder="no">
                <name>SysHandler</name>
                <packageName></packageName>
                <script>-------------------------------------------------
--         Put your Lua functions here.        --
--                                             --
-- Note that you can also use external Scripts --
-------------------------------------------------

sys = sys or {}</script>
                <eventHandlerList/>
            </Script>
            <Script isActive="yes" isFolder="no">
                <name>connectScript</name>
                <packageName></packageName>
                <script>-------------------------------------------------
--         Put your Lua functions here.        --
--                                             --
-- Note that you can also use external Scripts --
-------------------------------------------------

function connectScript()

  cecho(&quot;\n&lt;red&gt;[&lt;white&gt;Loading Defense Settings:&lt;red&gt;&quot;)
  cecho(&quot;&lt;white&gt;defConfig...&quot;)
--  if defConfig then varPack.defConfig = deepcopy(defConfig) cecho(&quot;&lt;dodger_blue&gt;Finished!&quot;) else cecho(&quot;&lt;salmon&gt;No Data&quot;) end
  if defConfig then table.load(getMudletHomeDir()..&quot;/defConfig.dat&quot;, defConfig) cecho(&quot;&lt;dodger_blue&gt;Loaded!&quot;) else cecho(&quot;&lt;salmon&gt;No Data&quot;) end
--  if varPack.defConfig then defConfig = deepcopy(varPack.defConfig) cecho(&quot;&lt;dodger_blue&gt;Finished!&quot;) else cecho(&quot;&lt;salmon&gt;No Data&quot;) end
  cecho(&quot;&lt;red&gt;]\n&quot;)
  cecho(&quot;\n&lt;red&gt;[&lt;white&gt;Loading from settings pack:&lt;red&gt;&quot;)
  cecho(&quot;\n&lt;white&gt;Reading settings pack from file...&quot;)
  local varPack = {}
  table.load(getMudletHomeDir()..&quot;/settings.dat&quot;, varPack)

  cecho(&quot;&lt;dodger_blue&gt;Finished!&quot;)
  cecho(&quot;\n&lt;white&gt;players...&quot;)
--  if varPack.players then players = deepcopy(varPack.players) cecho(&quot;&lt;dodger_blue&gt;Finished!&quot;) else cecho(&quot;&lt;salmon&gt;No Data&quot;) end
  players = players or {}
  cecho(&quot;\n&lt;white&gt;afflictions...&quot;)
  if varPack.afflictions then afflictions = deepcopy(varPack.afflictions) cecho(&quot;&lt;dodger_blue&gt;Finished!&quot;) else cecho(&quot;&lt;salmon&gt;No Data&quot;) end
  cecho(&quot;\n&lt;white&gt;defs...&quot;)
  if varPack.defs then defs = deepcopy(varPack.defs) cecho(&quot;&lt;dodger_blue&gt;Finished!&quot;) else cecho(&quot;&lt;salmon&gt;No Data&quot;) end
  cecho(&quot;\n&lt;white&gt;me...&quot;)
  if varPack.me then me = deepcopy(varPack.me) cecho(&quot;&lt;dodger_blue&gt;Finished!&quot;) else cecho(&quot;&lt;salmon&gt;No Data&quot;) end
  cecho(&quot;\n&lt;white&gt;mobs...&quot;)
  if varPack.mobs then mobs = deepcopy(varPack.mobs) cecho(&quot;&lt;dodger_blue&gt;Finished!&quot;) else cecho(&quot;&lt;salmon&gt;No Data&quot;) end
  cecho(&quot;\n&lt;white&gt;quests...&quot;)
  if varPack.quests then quests = deepcopy(varPack.quests) cecho(&quot;&lt;dodger_blue&gt;Finished!&quot;) else cecho(&quot;&lt;salmon&gt;No Data&quot;) end
  cecho(&quot;\n&lt;white&gt;critstats...&quot;)
  if varPack.critstats then critstats = deepcopy(varPack.critstats) cecho(&quot;&lt;dodger_blue&gt;Finished!&quot;) else cecho(&quot;&lt;salmon&gt;No Data&quot;) end
  cecho(&quot;\n&lt;white&gt;beliefList...&quot;)
  if varPack.beliefList then beliefList = deepcopy(varPack.beliefList) cecho(&quot;&lt;dodger_blue&gt;Finished!&quot;) else cecho(&quot;&lt;salmon&gt;No Data&quot;) end
  cecho(&quot;\n&lt;dodger_blue&gt;sys:&quot;)
  sys = {}
  if varPack.sys then
    for k, v in pairs(varPack.sys) do
      --    sys[k] = v
      cecho(&quot;\n&lt;gray&gt;&quot; .. k .. &quot; Finished.&quot;)
    end
    sys = deepcopy(varPack.sys)
    cecho(&quot;&lt;dodger_blue&gt;Finished!&quot;)
  else
    cecho(&quot;&lt;salmon&gt;No Data&quot;)
  end
  cecho(&quot;\n&lt;red&gt;&lt;white&gt;Finished&lt;red&gt;]&quot;)
end</script>
                <eventHandlerList>
                    <string>sysConnectionEvent</string>
                </eventHandlerList>
            </Script>
            <Script isActive="yes" isFolder="no">
                <name>disconnectScript</name>
                <packageName></packageName>
                <script>-------------------------------------------------
--         Put your Lua functions here.        --
--                                             --
-- Note that you can also use external Scripts --
-------------------------------------------------

function disconnectScript()
  cecho(&quot;\n&lt;red&gt;[&lt;white&gt;Saving Defense Settings:&lt;red&gt;&quot;)
  cecho(&quot;&lt;white&gt;defConfig...&quot;)
--  if defConfig then varPack.defConfig = deepcopy(defConfig) cecho(&quot;&lt;dodger_blue&gt;Finished!&quot;) else cecho(&quot;&lt;salmon&gt;No Data&quot;) end
  if defConfig then table.save(getMudletHomeDir()..&quot;/defConfig.dat&quot;, defConfig) cecho(&quot;&lt;dodger_blue&gt;Saved!&quot;) else cecho(&quot;&lt;salmon&gt;No Data&quot;) end
  cecho(&quot;&lt;red&gt;]\n&quot;)
  cecho(&quot;\n&lt;red&gt;[&lt;white&gt;Building settings pack:&lt;red&gt;&quot;)
  local varPack = {}
  cecho(&quot;\n&lt;white&gt;players...&quot;)
  if players then varPack.players = deepcopy(players) cecho(&quot;&lt;dodger_blue&gt;Finished!&quot;) else cecho(&quot;&lt;salmon&gt;No Data&quot;) end
  table.save(getMudletHomeDir()..&quot;/players.dat&quot;, players)
  cecho(&quot;\n&lt;white&gt;afflictions...&quot;)
  if afflictions then varPack.afflictions = deepcopy(afflictions) cecho(&quot;&lt;dodger_blue&gt;Finished!&quot;) else cecho(&quot;&lt;salmon&gt;No Data&quot;) end
  cecho(&quot;\n&lt;white&gt;defs...&quot;)
  if defs then varPack.defs = deepcopy(defs) cecho(&quot;&lt;dodger_blue&gt;Finished!&quot;) else cecho(&quot;&lt;salmon&gt;No Data&quot;) end
  cecho(&quot;\n&lt;white&gt;me...&quot;)
  if me then varPack.me = deepcopy(me) cecho(&quot;&lt;dodger_blue&gt;Finished!&quot;) else cecho(&quot;&lt;salmon&gt;No Data&quot;) end
  cecho(&quot;\n&lt;white&gt;mobs...&quot;)
  if mobs then varPack.mobs = deepcopy(mobs) cecho(&quot;&lt;dodger_blue&gt;Finished!&quot;) else cecho(&quot;&lt;salmon&gt;No Data&quot;) end
  cecho(&quot;\n&lt;white&gt;quests...&quot;)
  if quests then varPack.quests = deepcopy(quests) cecho(&quot;&lt;dodger_blue&gt;Finished!&quot;) else cecho(&quot;&lt;salmon&gt;No Data&quot;) end
  cecho(&quot;\n&lt;white&gt;critstats...&quot;)
  if critstats then varPack.critstats = deepcopy(critstats) cecho(&quot;&lt;dodger_blue&gt;Finished!&quot;) else cecho(&quot;&lt;salmon&gt;No Data&quot;) end
  cecho(&quot;\n&lt;white&gt;beliefList...&quot;)
  if beliefList then varPack.beliefList = deepcopy(beliefList) cecho(&quot;&lt;dodger_blue&gt;Finished!&quot;) else cecho(&quot;&lt;salmon&gt;No Data&quot;) end
  cecho(&quot;\n&lt;dodger_blue&gt;sys:&quot;)
  if sys then
    for k, v in pairs(sys) do
      --    sys[k] = v
      cecho(&quot;\n&lt;gray&gt;&quot; .. k .. &quot; Finished.&quot;)
    end
    varPack.sys = deepcopy(sys)
    cecho(&quot;&lt;dodger_blue&gt;Finished!&quot;)
  else
    cecho(&quot;&lt;salmon&gt;No Data&quot;)
  end
  cecho(&quot;\n&lt;red&gt;&lt;white&gt;Finished&lt;red&gt;]&quot;)
  cecho(&quot;\n&lt;white&gt;Writing settings pack to file...&quot;)
  table.save(getMudletHomeDir()..&quot;/settings.dat&quot;, varPack)
  cecho(&quot;&lt;dodger_blue&gt;Finished!&quot;)
  cecho(&quot;\n&lt;red&gt;&lt;white&gt;Finished&lt;red&gt;]&quot;)
end</script>
                <eventHandlerList>
                    <string>sysDisconnectionEvent</string>
                    <string>sysExitEvent</string>
                </eventHandlerList>
            </Script>
            <Script isActive="yes" isFolder="no">
                <name>otherFunctions</name>
                <packageName></packageName>
                <script>-------------------------------------------------
--         Put your Lua functions here.        --
--                                             --
-- Note that you can also use external Scripts --
-------------------------------------------------

raidChannel = raidChannel or &quot;rt&quot;
raid = raid or false

function rPad(str, len)
  return string.cut(str .. string.rep(&quot; &quot;, len), len)
end

function lPad(str, len)
  return string.rep(&quot; &quot;, len - #str) .. str
end

function time()
  cecho(getTime(true))
  local t1 = getTime()
  local year = t1.year    --
  local day = t1.day      --86400
  local hour = t1.hour    --3600
  local min = t1.min      --60
  local sec = t1.sec      --1
  local msec = t1.msec    --
  return 
end

function formatTime(time)
  local hours = math.floor(time / 60 / 60)
  local minutes = math.floor((time / 60) % 60)
  local seconds = math.floor(time % 60)
  if hours &gt; 0 then
    return hours .. &quot;:&quot; .. minutes .. &quot;:&quot; .. seconds
  elseif minutes &gt; 0 then
    return minutes .. &quot;:&quot; .. seconds
  else
    return seconds
  end
end

function colorAll(word, color, back, noCase)
  -- To allow for no-case-pattern highlighting
  deselect()
  if noCase then word = word:genNocasePattern() end
  local startpos = 0
  local endpos = 0
  -- To run through the words that match 'word'
  while true do
    startpos, endpos = string.find(line, &quot;%f[%w]&quot;..word..&quot;%f[%W]&quot;, endpos)
    if not startpos then break end
    selectSection(startpos-1, endpos-startpos+1)
    --if we set a fg
    if color then
      fg(color)
    end
    --if we set a bg
    if back then
      bg(back)
    end
  end
  deselect()
end


function rf(query)
  if query:ends('.') then query = query:sub(1,-2) end
  local result = mmp.searchRoom(query)
  local rooms = table.size(result)
  local response = &quot;Error!&quot;
  --display(result)
  --debug(rooms)
  if rooms == 0 then
    --debug(&quot;-|-|- Unknown Room -|-|-&quot;)
    --debug(&quot;tell &quot; .. whereisAsker .. &quot; -|=|- Unknown Room -|=|-&quot;)
    response = &quot;-|=|- Unknown Room -|=|-&quot;
  elseif rooms == 1 then
    --debug(&quot;Just one room!&quot;)
    local roomList = {}
    for i, v in pairs(result) do
      local area = mmp.cleanAreaName(tostring(mmp.areatabler[getRoomArea(i)]))
      table.insert(roomList, {number = i, name = v, area = area})
    end
    --display(roomList)
    response = &quot;&quot; .. rooms .. &quot; room: (&quot; .. roomList[1].number .. &quot; - &quot; .. roomList[1].name .. &quot;.[&quot; .. roomList[1].area .. &quot;])&quot;
  else
    --for i, v in pairs(result) do
      --debug(&quot;(&quot; .. i .. &quot;-&quot; .. v .. &quot;)&quot;)
    --end
    if true then
      local roomList = {}
      local roomNameList = {}
      for k, v in pairs(result) do
        if roomNameList[v] then
          table.insert(roomNameList[v], k)
        else
          roomNameList[v] = {k}
       end
      end
      for k, v in pairs(roomNameList) do
        local area = mmp.cleanAreaName(tostring(mmp.areatabler[getRoomArea(v[1])]))
        table.insert(roomList, &quot;(&quot; .. k .. &quot;[&quot; .. area .. &quot;] - &quot; .. table.concat(v, &quot;, &quot;) .. &quot;)&quot;)
        --table.insert(roomList, &quot;(&quot; .. table.concat(v, &quot;, &quot;) .. &quot; - &quot; .. k .. &quot;[&quot; .. area .. &quot;])&quot;)
      end
    response = &quot;&quot; .. rooms .. &quot; rooms: &quot; .. table.concat(roomList, &quot;, &quot;)
    else
    local roomList = {}
    local i = 0
    for k, v in pairs(result) do
      i = i + 1
      if i &gt; 30 then table.insert(roomList, &quot;(&quot; .. rooms-i .. &quot; rooms unlisted)&quot;)break end
      local area = mmp.cleanAreaName(tostring(mmp.areatabler[getRoomArea(k)]))
      table.insert(roomList, &quot;(&quot; .. k .. &quot; - &quot; .. v .. &quot;.[&quot; .. area .. &quot;])&quot;)
    end
    --display(roomList)
    response = &quot;&quot; .. rooms .. &quot; rooms: &quot; .. table.concat(roomList, &quot;, &quot;)
    end
  end
  return response
end

function math.ceiling(number)
  local number = tonumber(number)
  local floored = math.floor(number)
  if number &gt; floored then
    number = floored + 1
  end
  return number
end

function strMatches(line, pattern)
  local i = 0
  for word in string.gmatch(line, pattern) do
    i = i + 1
  end
  return i
end

function raidTell(info)
  local message = &quot;&quot;
  if type(raidChannel)==&quot;string&quot; then
    message = raidChannel .. &quot; &quot; .. info
  elseif type(raidChannel)==&quot;table&quot; then
    local tells = {}
    for i, v in ipairs(raidChannel) do
      table.insert(tells,v .. &quot; &quot; .. info)
    end
    message = table.concat(tells,&quot;&quot; .. sep .. &quot;&quot;)
  end
  if raid then
    send(message)
  else
    kaustos.echo(&quot;&lt;orange_red&gt;Raid tells disabled! Gagging(&lt;white&gt;&quot; .. message .. &quot;&lt;orange_red&gt;)&quot;)
    chatEcho(&quot;&lt;orange_red&gt;Gagging(&lt;white&gt;&quot; .. message .. &quot;&lt;orange_red&gt;)&quot;)
  end
end

function affEcho(aff)
  if raid then
    --send(&quot;clan afftrack tell Afflicted &quot; .. target .. &quot; &quot; .. aff, false)
  else
    --kaustos.echo(&quot;&lt;orange_red&gt;Raid tells disabled!&quot;)
  end
end

function debug(what)
  cecho(&quot;&lt;lime_green&gt;(&lt;slate_blue&gt;&quot; .. what .. &quot;&lt;lime_green&gt;)\n&quot;)
end

function title(str)
    local buf = {}
    for word in string.gfind(str, &quot;%S+&quot;) do          
        local first, rest = string.sub(word, 1, 1), string.sub(word, 2)
        table.insert(buf, string.upper(first) .. string.lower(rest))
    end    
    return table.concat(buf, &quot; &quot;)
end

function tatCheck(tatList)
  local desiredList = {&quot;Mindseye&quot;, &quot;Owl&quot;, &quot;Shield&quot;, &quot;Tree&quot;, &quot;Boar&quot;, &quot;Brazier&quot;,
   &quot;Moss&quot;, &quot;Cloak&quot;, &quot;Prism&quot;, &quot;Hood&quot;}
  for i, v in ipairs(desiredList) do
  end
end

function deleteLineP()
  deleteLine()
  tempLineTrigger(1,1,[[
    if isPrompt() then deleteLine() end
  ]])
end

function chatEcho(what, noBreak)
  if demonnic.chat.config.timestamp then
    chatStamp()
  end
  demonnic.chat.windows[demonnic.chat.config.Alltab]:cecho(what)
  if noBreak then
  else
    demonnic.chat.windows[demonnic.chat.config.Alltab]:echo(&quot;\n&quot;)
  end
end

function chatStamp()
  local timestamp = getTime(true, demonnic.chat.config.timestamp)
  local tsfg = {}
  local tsbg = {}
  local colorLeader = &quot;&quot;
  if demonnic.chat.config.timestampCustomColor then
    if type(demonnic.chat.config.timestampFG) == &quot;string&quot; then
      tsfg = color_table[demonnic.chat.config.timestampFG]
    else
      tsfg = demonnic.chat.config.timestampFG
    end
    if type(demonnic.chat.config.timestampBG) == &quot;string&quot; then
      tsbg = color_table[demonnic.chat.config.timestampBG]
    else
      tsbg = demonnic.chat.config.timestampBG
    end
    colorLeader = string.format(&quot;&lt;%s,%s,%s:%s,%s,%s&gt;&quot;,tsfg[1],tsfg[2],tsfg[3],tsbg[1],tsbg[2],tsbg[3])
  else
    colorLeader = string.format(&quot;&lt;%s,%s,%s:%s,%s,%s&gt;&quot;,ofr,ofg,ofb,obr,obg,obb)
  end
  local fullstamp = string.format(&quot;%s%s&quot;,colorLeader,timestamp)
  demonnic.chat.windows[demonnic.chat.config.Alltab]:decho(fullstamp .. &quot; &quot;)
end

function escapePatterns(s)
  local matches =
  {
    [&quot;^&quot;] = &quot;%^&quot;;
    [&quot;$&quot;] = &quot;%$&quot;;
    [&quot;(&quot;] = &quot;%(&quot;;
    [&quot;)&quot;] = &quot;%)&quot;;
    [&quot;%&quot;] = &quot;%%&quot;;
    [&quot;.&quot;] = &quot;%.&quot;;
    [&quot;[&quot;] = &quot;%[&quot;;
    [&quot;]&quot;] = &quot;%]&quot;;
    [&quot;*&quot;] = &quot;%*&quot;;
    [&quot;+&quot;] = &quot;%+&quot;;
    [&quot;-&quot;] = &quot;%-&quot;;
    [&quot;?&quot;] = &quot;%?&quot;;
    [&quot;\0&quot;] = &quot;%z&quot;;
  }

--  escapePatterns = function(s)
  for k, v in pairs(matches) do
    echo(k .. &quot; - &quot; .. v .. &quot;\n&quot;)
    echo(s .. &quot;\n&quot;)
    string.gsub(s, k, v)
  end

  display(s)
  return s
end

function deepcopy(orig)
    local orig_type = type(orig)
    local copy
    if orig_type == 'table' then
        copy = {}
        for orig_key, orig_value in next, orig, nil do
            copy[deepcopy(orig_key)] = deepcopy(orig_value)
        end
        setmetatable(copy, deepcopy(getmetatable(orig)))
    else -- number, string, boolean, etc
        copy = orig
    end
    return copy
end

function timeFormat(total)
  local hours = math.floor(total/3600)
  local minutes = math.floor((total%3600)/60)
  local seconds = total % 60
  local str = &quot;&quot;
  if hours &gt; 0 then
    str = string.format(&quot;%2.2s:%2.2s:%2.2s&quot;, &quot;0&quot; .. hours, &quot;0&quot; .. minutes, &quot;0&quot; .. seconds)
  elseif minutes &gt; 0 then
    str = string.format(&quot;%2.2s:%2.2s&quot;, &quot;0&quot; .. minutes, &quot;0&quot; .. seconds)
  else
    str = tostring(math.floor(seconds))
  end
  return str
end

function cprefix(what, window)
  moveCursor(window or &quot;main&quot;, 0, getLineNumber());
  cinsertText(what)
end

function csuffix(what, window)
  local length = string.len(line)
  moveCursor(window or &quot;main&quot;, length-1, getLineNumber())
  cinsertText(what)
end

function string.urlEncode( str )
   if ( str ) then
      str = string.gsub( str, &quot;\n&quot;, &quot;\r\n&quot; )
      str = string.gsub( str, &quot;([^%w ])&quot;,
         function (c) return string.format( &quot;%%%02X&quot;, string.byte(c) ) end )
      str = string.gsub( str, &quot; &quot;, &quot;+&quot; )
   end
   return str
end
</script>
                <eventHandlerList/>
            </Script>
        </ScriptGroup>
        <Script isActive="yes" isFolder="no">
            <name>initScript</name>
            <packageName></packageName>
            <script>-------------------------------------------------
--         Put your Lua functions here.        --
--                                             --
-- Note that you can also use external Scripts --
-------------------------------------------------
sep = sep or &quot;\\&quot;
me = me or {}</script>
            <eventHandlerList/>
        </Script>
    </ScriptPackage>
    <KeyPackage/>
</MudletPackage>
